CODICE UNIVOCO GIORNALISTA;NOME;COGNOME;NICKNAME
1;DAVIDE;FRATTINI;
2;GUIDO;OLIMPIO;
3;LUIGI;FERRARELLA;
4;MASSIMO;GRAMELLINI;
5;ELISABETTA;SOGLIO;
6;LORENZO;CREMONESI;
7;ALDO;CAZZULLO;
8;ERNESTO;GALLI DELLA LOGGIA;
9;PAOLO;VALENTINO;
10;DANILO;TAINO;
11;ALDO;GRASSO;
12;LUIGI;IPPOLITO;
13;MASSIMO;GAGGI;
14;MASSIMO;SIDERI;
15;FEDERICO;FUBINI;
16;ENRICO;MARRO;
17;ANTONIO;POLITO;
18;MARCO;IMARISIO;
19;FEDERICO;RAMPINI;
20;PAOLO;MEREGHETTI;
21;FRANCESCA;BASSO;
22;STEFANO;MONTEFIORI;
23;DARIO;DI VICO;
24;DACIA;MARAINI;
25;MASSIMO;FRACARO;
26;DANIELE;MANCA;
27;LUCIANO;FONTANA;
28;PAOLO;MIELI;
29;BEPPE;SEVERGNINI;
30;GIOVANNI;BIANCONI;
31;MASSIMO;FRANCO;
32;PAOLO;DI STEFANO;
33;FRANCESCO;VERDERAMI;
34;NICOLA;SALDUTTI;
35;PAOLO;LEPRI;
36;LUCA;MASTRANTONIO;
37;ROBERTO;SAVIANO;
38;BARBARA;STEFANELLI;
39;MASSIMO;NAVA;
40;ANGELO;PANEBIANCO;
41;MARIA TERESA;MELI;
42;ISABELLA;BOSSI FEDRIGOTTI;
43;ANTONIO;FERRARI;
44;ANDREA;RICCARDI;
45;FRANCESCO;GIAVAZZI;
46;FIORENZA;SARZANINI;
47;GOFFREDO;BUCCINI;
48;FRANCO;VENTURINI;
49;GIUSEPPE;SARCINA;
50;LUCREZIA;REICHLIN;
51;MARIO;SENSINI;
52;SABINO;CASSESE;
53;MAURIZIO;FERRERA;
54;VINCENZO;TRIONE;
55;MAURO;MAGATTI;
56;TOMMASO;PELLIZZARI;
57;ALESSANDRO;D'AVENIA;
58;PAOLO;FRANCHI;
59;ENZO;MOAVERO MILANESI;
60;VENANZIO;POSTIGLIONE;
61;CLAUDIO;MAGRIS;
62;MARCO;CASTELNUOVO;
63;SERGIO;ROMANO;
64;ANTONIO;SCURATI;
65;FERRUCCIO;DE BORTOLI;
66;GIOVANNI;BELARDELLI;
67;RICCARDO;GALLO;
68;;;
69;ADRIANO;ATTUS;
70;ANTONIO;LARIZZA;
71;CRISTIANA;LAURO;
72;DANIELE;BELLASIO;
73;EMANUELE;PORAZZI;
74;FLAVIA;LANDOLFI;
75;GIORGIA;COLUCCI;
76;MARIA LUISA ;COLLEDANI;
77;PATRIZIA;MACIOCCHI;
78;STEFANIA;BLASIOLI;
79;ALBERTO;ANNICCHIARICO;
80;DARIO;AQUARO;
81;GEMINELLO;ALVI;
82;MARCO;ALFIERI;
83;MASSIMILIANO;ALLIEVI;
84;NINO;AMADORE;
85;PAOLO;ARMAROLI;
86;STEFANIA;ARCUDI;
87;ALDO;BONOMI;
88;ANDREA;BIONDI;
89;ANDREA;BOITANI;
90;BARBARA;BISAZZA;
91;CARLO;BASTASIN;
92;CHIARA;BEGHELLI;
93;CHIARA;BUSSI;
94;CRISTINA;BATTOCLETTI;
95;DARIO;BRAGA;
96;DAVID;BIDUSSA;
97;ENRICO;BRONZO;
98;EUGENIO;BRUNO;
99;FRANCESCA;BARBIERI;
100;GIORGIO;BARBA NAVARETTI;
101;GIOVANNI;BRUGNOLI;
102;GIUSEPPE;BERTA;
103;ISABELLA;BUFACCHI;
104;LAURA;BONADIES;
105;LEONARDO;BECCHETTI;
106;LEOPOLDO;BENNACCHIO;
107;LUCIAN;BEBCHUK;
108;LUISANNA;BENFATTO;
109;MARCO;BELLINAZZO;
110;MARZIO;BARTOLONI;
111;MAURIZIO;BIFULCO;
112;MICHAEL;BOSKIN;
113;NICOLA;BARONE;
114;PAOLO;BRICCO;
115;RICCARDO;BARLAAM;
116;ROBERTO;BERNABÒ;
117;ROBERTO;BONGIORNI;
118;ROSSELLA;BOCCIARELLI;
119;SISSI;BELLOMO;
120;STEFANO;BIOLCHINI;
121;VINCENZO;BARONE;
122;ADRIANA;CASTAGNOLI;
123;ALFREDO;CASOTTI;
124;ANDREA;CARLI;
125;ANDREA;CASTALDO;
126;ANGELO;CREMONESE;
127;ANTONELLO;CHERCHI;
128;BALDUINO;CEPPETELLI;
129;CARLO;CARBONI;
130;CHEO;CONDINA;
131;DARIO;CECCARELLI;
132;DAVIDE;COLOMBO;
133;EDOARDO;CAMPANELLA;
134;FABIO;CARDUCCI;
135;FLAVIA;CARLETTI;
136;FRANCESCA;CERATI;
137;FRANCESCO;CLEMENTI;
138;GILBERTO;CORBELLINI;
139;GIULIA;CRIVELLI;
140;GIUSEPPE;CHIELLINO;
141;IVAN;CIMMARUSTI;
142;LAURA;CAVESTRI;
143;LORENZO;CODOGNO;
144;MARCELLO;CLARICH;
145;MARINA;CASTELLANETA;
146;MARIO;CIANFLONE;
147;MAURIZIO;CAPRINO;
148;MAXIMILIAN;CELLINO;
149;MICAELA;CAPPELLINI;
150;NICOLETTA;COTTONE;
151;QUIRINO;CAMERLENGO;
152;RAFFAELLA;CALANDRA;
153;ROBERTO;CARNERO;
154;SALVATORE;CARRUBBA;
155;SILVIA;CIUCCIOVINO;
156;STEFANO;CARRER;
157;VALERIO;CASTRONOVO;
158;VINCENZO;CHIERCHIA;
159;VITTORIO;CARLINI;
160;ALFONSO EMANUELE;DE LEÓN;
161;ALFREDO;DE GIROLAMO;
162;ANGELO;DEIANA;
163;CELESTINA;DOMINELLI;
164;CHIARA;DI CRISTOFARO;
165;CRISTIANO;DELL'OSTE;
166;DARIO;DEOTTO;
167;DAVIDE;DAL MASO;
168;ELENA;DELFINO;
169;ELIANA;DI CARO;
170;ENRICO;DE MITA;
171;FRANCA;DEPONTI;
172;FRANCO;DEBENEDETTI;
173;GIANLUCA;DI DONFRANCESCO;
174;GIANNI;DRAGONI;
175;GIORGIO;DELL’OREFICE;
176;HOWARD;DAVIES;
177;ISABELLA;DELLA VALLE;
178;J. BRADFORD;DELONG;
179;JEAN MARIE;DEL BO;
180;LUCA;DAVI;
181;LUCA;DE BIASE;
182;MARIA CARLA;DE CESARI;
183;MASSIMO;DEANDREIS;
184;MASSIMO;DONADDIO;
185;MONICA;D’ASCENZO;
186;PAOLA;DEZZA;
187;RAOUL;DE FORCADE;
188;ROBERTO;D'ALIMONTE;
189;ROBERTO;DA RIN;
190;SARA;DEGANELLO;
191;VALERIO;DE MOLLI;
192;VINCENZO;DE SENSI;
193;VITALIANO;D’ANGERIO;
194;VITTORIO;DA ROLD;
195;BARRY;EICHENGREEN;
196;STEFANO;ELLI;
197;ANDREA;FONTANA;
198;ANDREA;FRANCESCHI;
199;BARBARA;FIAMMERI;
200;BRUNO;FORTE;
201;CARLO ANDREA;FINOTTO;
202;CARLO;FESTA;
203;CARMINE;FOTINA;
204;GIAMPIERO;FALASCA;
205;GIANFRANCO;FABI;
206;GOFFREDO;FOFI;
207;KEN;FISHER;
208;MARCELLO;FRISONE;
209;MARCO;FERRANDO;
210;MARCO;FORTIS;
211;MARTIN;FELDSTEIN;
212;MICHELA;FINIZIO;
213;RICCARDO;FERRAZZA;
214;RICCARDO;FRACCARO;
215;RITA;FATIGUSO;
216;ROBERTO;FICO;
217;SAVERIO;FOSSATI;
218;SERGIO;FABBRINI;
219;TOMMASO;FRATTINI;
220;ALBERTO;GRASSANI;
221;ALESSANDRO;GALIMBERTI;
222;ALESSANDRO;GRAZIANI;
223;ANDREA;GAGLIARDI;
224;ANDREA;GENNAI;
225;ANDREA;GOLDSTEIN;
226;ATTILIO;GERONI;
227;BARBARA;GANZ;
228;CRISTIANO;GORI;
229;DANIEL;GROS;
230;EMILIO;GENTILE;
231;FABIO;GRATTAGLIANO;
232;FAN;GANG;
233;FILOMENA;GRECO;
234;FRANCO;GALLO;
235;GIAMPAOLO;GALLI;
236;GIAN MARIA ;GROS-PIETRO;
237;GIANANDREA;GAIANI;
238;GUIDO;GENTILI;
239;JACOPO;GILIBERTO;
240;LAURA;GALVAGNI;
241;MARCO;GIORGINO;
242;MARIA ROSA ;GHEIDO;
243;MARIKA;GERVASIO;
244;NUNZIO;GALANTINO;
245;PIERGIORGIO;GAWRONSKI;
246;ROBERTO;GALULLO;
247;SANDRO;GRONCHI;
248;VINCENZO;GALASSO;
249;LUCILLA;INCORVATI;
250;ROBERTO;IOTTI;
251;HAROLD;JAMES;
252;SIMON;JOHNSON;
253;PAUL;KRUGMAN;
254;ADRIANO;LOVERA;
255;ANNAMARIA;LUSARDI;
256;GIUSEPPE;LATOUR;
257;GIUSEPPE;LUPO;
258;LAURA;LA POSTA ;
259;LUIGI;LOVECCHIO;
260;MARCO;LIBELLI;
261;MARCO;LUDOVICO;
262;MARCO;LO CONTE;
263;MATTIA;LOSI;
264;MAURIZIO;LEO;
265;MORYA;LONGO;
266;PAOLO;LEGRENZI;
267;ROBERTO;LUGANO;
268;SIMONE;LONATI;
269;VITO;LOPS;
270;ALBERTO;MAGNANI;
271;ALBERTO;MINGARDI;
272;ALESSANDRO;MERLI;
273;ALESSIA;MACCAFERRI;
274;ANDREA;MARINI;
275;ANDREA;MONTANINO;
276;ANGELA;MANGANARO;
277;ANGELO;MINCUZZI;
278;BIANCA LUCIA ;MAZZEI;
279;CARLO;MARRONI;
280;CARLO;MELZI D’ERIL;
281;CESARE;MIRABELLI;
282;CHRISTIAN;MARTINO;
283;DONATO;MASCIANDARO;
284;ELEONORA;MICHELI;
285;ENRICO;MARRO;
286;ENRICO;MIELE;
287;EVELINA;MARCHESINI;
288;FABIO;MACALUSO;
289;FEDERICA;MICARDI;
290;FRANCESCA;MILANO;
291;GABRIELE;MEONI;
292;GIANCARLO;MAZZUCA;
293;GIOVANNA;MANCINI;
294;GUIDO;MINCIOTTI;
295;JOSEPH;MUNYAMBANZA;
296;LEONARDO;MAISANO;
297;MARA;MONTI;
298;MARCELLO;MINENNA;
299;MARCO;MAGNANI;
300;MARCO;MARIANI;
301;MARCO;MASCIAGA;
302;MARCO;MOBILI;
303;MARCO;MORINO;
304;MARIGIA;MANGANO;
305;MARISA;MARRAFFINO;
306;MARTA;CASADEI;
307;MATTEO;MENEGHELLO;
308;MAURIZIO;MARESCA;
309;MAURO;MARÈ;
310;MAURO;MEAZZA;
311;;MONTESQUIEU;
312;ROBERTA;MIRAGLIA;
313;SARA;MONACI;
314;STEFANO;MANZOCCHI;
315;STEFANO;MICELLI;
316;VALENTINA;MAGLIONE;
317;VALENTINA;MELIS;
318;ANTONIO;NICITA;
319;GIOVANNI;NEGRI;
320;GIULIANO;NOCI;
321;LELLO;NASO;
322;VITTORIO;NUTI;
323;ALBERTO;ORIOLI;
324;ANTONELLA;OLIVIERI;
325;CARLO;OSSOLA;
326;FABRIZIO;ONIDA;
327;GIANMARCO;OTTAVIANO;
328;LUCA;ORLANDO;
329;MARCO;ONADO;
330;ALESSANDRO;PENATI;
331;ALESSANDRO;PLATEROTI;
332;ATTILIO;PAVONE;
333;BRUNO;PROVA;
334;CORRADO;POGGI;
335;DINO;PESOLE;
336;EDMUND S. ;PHELPS;
337;EMANUELE;PARSI;
338;EMILIA;PATTA;
339;ERNESTO;PREATONI;
340;FEDERICA;PEZZATTI;
341;FRANCESCO;PRISCO;
342;GERARDO;PELOSI;
343;GIORGIO;POGLIOTTI;
344;GIOVANNI;PARENTE;
345;GUSTAVO;PIGA;
346;JEAN;PISANI FERRY;
347;LINA;PALMERINI;
348;MANUELA;PERRONE;
349;MARCO;PAGANO;
350;MARCO;PIAZZA;
351;MARILENA;PIRRELLI;
352;MARTA;PARIS;
353;MATTEO;PRIOSCHI;
354;MICHELE;PIGNATELLI;
355;NICOLETTA;PICCHIO;
356;ORESTE;POLLICINO;
357;PAOLA;PIEROTTI;
358;PAOLA;PROFETA;
359;PAOLO;PARONETTO;
360;PAOLO;POMBENI;
361;PIETRO;PAGANINI;
362;VITTORIO;PELLIGRA;
363;ALBERTO;QUADRIO CURZIO;
364;ALESSANDRO;ROSINA;
365;ALESSANDRO;ROTA PORTA;
366;BEDA;ROMANO;
367;DANI;RODRIK;
368;FERNANDA;ROGGERO;
369;GIANPAOLO;ROSSINI;
370;GINO;RUOZZI;
371;GUIDO;ROMEO;
372;KENNETH;ROGOFF;
373;LARA;RICCI;
374;MARCO;ROGARI;
375;MARZIA;REDAELLI;
376;PIETRO;REICHLIN;
377;RAFFAELE;RIZZARDI;
378;RAGHURAM;RAJAN;
379;ROSALBA;REGGIO;
380;WALTER;RIOLFI;
381;ALESSANDRO;SCHIESARO;
382;ALFREDO;SESSA;
383;ANTONELLA;SCOTT;
384;BENEDETTO;SANTACROCE;
385;BERNHARD;SCHOLZ;
386;BIAGIO;SIMONETTA;
387;EMILIANO;SGAMBATO;
388;FRANCO;SARCINA;
389;GEORGE;SOROS;
390;GIORGIO;SANTILLI;
391;GUGLIELMO;SAPORITO;
392;HANS-WERNER;SINN;
393;JEFFREY;SACHS;
394;LAURA;SERAFINI;
395;LUCA;SALVIOLI;
396;MARIOLINA;SESTO;
397;MICHAEL;SPENCE;
398;PAOLO;SAVONA;
399;PETER;SINGER;
400;PIER LUIGI ;SACCO;
401;PIERANGELO;SOLDAVINI;
402;RICCARDO;SORRENTINO;
403;ROBERT J.;SHILLER;
404;SALVATORE;SCUTO;
405;STEFANO;SALIS;
406;ALESSIA;TRIPODI;
407;ANTONIO;TAJANI;
408;ARMANDO;TORNO;
409;CLAUDIO;TUCCI;
410;DAVIDE;TABARELLI;
411;FABIO;TAMBURINI;
412;GIANNI;TONIOLO;
413;GIANNI;TROVATI;
414;GIULIO;TREMONTI;
415;LUCA;TREMOLADA;
416;LUISA;TORCHIA;
417;MICHELE;TIRABOSCHI;
418;SIMONE;TAGLIAPIETRA;
419;UGO;TRAMBALLI;
420;GIANFRANCO;URSINO;
421;GIOVANNI;UGGERI;
422;SERENA;UCCELLO;
423;VALERIA;UVA;
424;ARTURO;VARVELLI;
425;FRANCESCO;VERBARO;
426;GIORGIO;VACCARO;
427;GIULIO ENEA;VIGEVANI;
428;ILARIA;VESENTINI;
429;LUCA;VERONESE;
430;MARCO;VALSANIA;
431;MARIA CHIARA;VOCI;
432;VERA;VIOLA;
433;ANDREA;ZOPPINI;
434;FRANCESCO;ZIRPOLI;
435;;;
436;LUCA;SOFRI;
437;FRANCESCO;COSTA;
438;ELENA;ZACCHETTI;
439;EMANUELE;MENIETTI;
440;GIULIA;BALDUCCI;
441;STEFANO;VIZIO;
442;LUDOVICA;LUGLI;
443;LUCA;MISCULIN;
444;GIANNI;BARLASSINA;
445;ALESSIA;MUTTI;
446;PIETRO;CABRIO;
447;GIULIA ;SIVIERO;
448;GIOVANNI;DE BENEDICTIS;
449;VALENTINA;LOVATO;
450;MARIO;MACCHIONI;
451;MARTA;IMPEDOVO;
452;ANTONIO;RUSSO;
453;SUSANNA ;BAGGIO;
454;EUGENIO;CAU;
455;ALICE;NICOLIN;
456;ALESSANDRA;RIMA;
457;ISAIA;INVERNIZZI;
458;ALESSANDRA;PELLEGRINI DE LUCA;
459;STEFANO ;NAZZI;
460;VIOLA;STEFANELLO;
461;VALERIO;CLARI;
462;MARIASOLE;LISCIANDRO;
463;RICCARDO;CONGIU;
464;MARCO;SURACE;
465;CECILIA;PIGOZZI;
466;NICOLA;SOFRI;
467;MATTEO ;CACCIA;
468;STEFANO ;TUMIATI;
469;YIMING;ZHOU;
470;JACOPO;DANI;
471;LORENZO;SFIENTI;
472;LUIGI ;BRIGANTI;
473;GIOVANNI;GUARINO;
474;STEFANIA;CARINI;
475;ALESSANDRO;PARODI;
476;PAOLO;AINIO;
477;EMANUELA;MARCHIAFAVA;
478;CHIARA ;SIMIONATO;
479;VITTORIO;BOSSA;
480;PAOLO;PIREDDA;
481;FRANCESCA;VITTANI;
482;GIACOMO;PAPI;
483;FRANCESCA;LAGROTTERIA;
484;CLAUDIO;CAPRARA;
485;IRENE;PANFILI;
486;PIETRO;RUSSO;
487;;;
488;MARIO;GIORDANO;
489;ROGER;SCRUTON;
490;LUCA;TELESE;
491;GIANCARLO;PERNA;
492;CESARE;LANZA;
493;GIORGIO;GANDOLA;
494;PAOLO;NORI;
495;RICCARDO;RUGGERI;
496;CARLO;PELANDA;
497;COSTANZA;MIRIANO;
498;MARCELLO;MANCINI;
499;RICHARD;MILLET;
500;MASSIMO;GANDOLFINI;
501;UMBERTO;TIRELLI;
502;ETTORE;GOTTI TEDESCHI;
503;LARIS;GAISER;
504;MARTINO;CERVO;
505;ROBERT;SPENCER;
506;RENAUD;CAMUS;
507;GIACOMO;AMADORI;
508;FRANCESCO;BORGONOVO;
509;CLAUDIO;ANTONELLI;
510;MAURIZIO;CAVERZAN;
511;EDOARDO;CAVADINI;
512;SARINA;BIRAGHI;
513;MARIO;CELI;
514;FRANCESCO;AGNOLI;
515;GEMMA;GAETANI;
516;ADRIANO;SCIANCA;
517;;;
518;GIOVANNI;DE MAURO;
519;ELENA;BOILLE;
520;CHIARA;NIELSEN;
521;ALBERTO;NOTARBARTOLO;
522;JACOPO;ZANCHINI;
523;ANNALISA;CAMILLI;
524;SIMON;DUNAWAY;
525;GIUSEPPE;RIZZO;
526;GIULIA;TESTA;
527;GIAN PAOLO;ACCARDO;
528;CECILIA;ATTANASIO GHEZZI;
529;GABRIELE;BATTAGLIA;
530;GAIA;BERRUTO;
531;FRANCESCO;BOILLE;
532;GIORGIO;CAPPOZZO;
533;CATHERINE;CORNET;
534;SERGIO;FANT;
535;CLAUDIA;GRISANTI;
536;IJIN;HONG;
537;ANITA;JOSHI;
538;ALBERTO;RIVA;
539;ANDREANA;SAINT AMOUR;
540;FRANCESCA;SPINELLI;
541;LAURA;TONON;
542;PAULINE;VALKENET;
543;FRANCISCO;VILALTA;
544;GUIDO;VITIELLO;
545;MARCO;ZAPPA;
546;;;
547;CLAUDIO;CERASA;
548;GIULIANO;FERRARA;
549;MAURIZIO;CRIPPA;
550;SALVATORE;MERLO;
551;PAOLA;PEDUZZI;
552;MATTEO;MATZUZZI;
553;GIOVANNI;BATTISTUZZI;
554;ANNALENA;BENINI;
555;SIMONE;CANETTIERI;
556;LUCIANO;CAPONE;
557;CARMELO;CARUSO;
558;ENRICO;CICCHETTI;
559;MICOL;FLAMMINI;
560;LUCA;GAMBARDELLA;
561;CAMILLO;LANGONE;
562;MARIAROSA;MANCUSO;
563;ANDREA;MARCENARO;
564;MICHELE;MASNERI;
565;GIUSEPPE;SOTTILE;
566;GIULIO;MEOTTI;
567;MAURIZIO;MILANI;
568;GIULIA;POMPILI;
569;MARIANNA;RIZZINI;
570;MARIA;CARLA SICILIA;
571;VALERIO;VALENTINI;
572;;;
573;VALENTINA;ASCIONE;
574;ANDREA;AVERSA;
575;LUCA;CASARINI;
576;FRANK;CIMINI;
577;ALBERTO;CISTERNA;
578;PAOLO;COMI;
579;UMBERTO;DE GIOVANNANGELI;
580;CARMINE;DI NIRO;
581;ROSSELLA;GRASSO;
582;ANTONIO;LAMORTE;
583;FILIPPO;LA PORTA;
584;FRANCESCO;LO DICO;
585;MARIO;MARAZZITI;
586;FABRIZIO;MASTROFINI;
587;CHIARA;NICOLETTI;
588;ANGELA;NOCIONI;
589;DAVIDE;NUNZIANTE;
590;PAOLO;PERSICHETTI;
591;MICHELE;PROSPERO;
592;DAVID;ROMOLI;
593;ANDREA;PUGIOTTO;
594;GIULIO;SEMINARA;
595;ANGELA;STELLA;
596;DUCCIO;TROMBADORI;
597;;;
598;ANDREA;FABOZZI;
599;MICAELA;BONGI;
600;MARCO;BOCCITTO;
601;ANDREA;CARUGATI;
602;GIOVANNA;BRANCA;
603;ARIANNA;DI GENOVA;
604;STEFANO;CRIPPA;
605;SILVANA;SILVESTRI;
606;ROBERTO;ANDREOTTI;
607;MASSIMO;GIANNETTI;
608;GERALDINA;COLOTTI;
609;MATTEO;BARTOCCI;
610;MATTEO;BARTOCCI;
611;PAOLA;CAPITANI;
612;ALESSANDRA;BARLETTA;
613;GRAZIELLA;MONTI;
614;BRUNA;DI PIETRANTONIO;
615;ADOLFO;GAUDIOSO;
616;LUIGI;D’ULIZIA;
617;SERGIO;FERRINI;
618;GUIDO;CALDIRON;
619;GUIDO;CALDIRON;
620;LIA;DADDUZIO;
621;LIA;DADDUZIO;
622;GOFFREDO;ADINOLFI;
623;MATTEO;BARTOCCI;
624;CHIARA;CRUCIATI;
625;MASSIMO;GIANNETTI;
626;RICCARDO;CHIARI;
627;MARINA;CATUCCI;
628;ALESSANDRA;PIGLIARU;
629;GIULIA;D’AGNOLO VALLAN;
630;FRANCESCO;ADINOLFI;
631;FRANCESCA;BORRELLI;
632;LUCA;FAZIO;
633;CRISTINA;POVOLEDO;
634;COSTANZA;FRAIA KETOFF;
635;BEN;WOLFORD;
636;MARCO;CINQUE;
637;ALESSANDRO;CANNELLI;
638;LUANA;SANGUIGNI;
639;TIZIANA;FERRI;
640;CATERINA;GIORDANO;
641;ROBERTO;CICCARELLI;
642;ROBERTO;CICCARELLI;
643;SERGIO;FERRINI;
644;EUROSIA;VISAGGI;
645;GIORGIO;AIRAUDO;
646;COSTANZA;FRAIA;
647;GIULIA;SBARIGIA;
648;ROBERTO;CICCARELLI;
649;LUCA;CELADA;
650;GUIDO;CALDIRON;
651;LUCREZIA;ERCOLANI;
652;ROBERTO;PECIOLA;
653;FEDERICO;DE MELIS;
654;ANGELO;MASTRANDREA;
655;SHENDI;VELI;
656;LIA;DADDUZIO;
657;VERONICA;DALTRI;
658;GIOVANNA;MASSINI;
659;CARLO;LANIA;
660;TARIQ;ALI;
661;ELEONORA;MARTINI;
662;GIOVANNA;MASSINI;
663;NORA;PARCU;
664;CRISTINA;POVOLEDO;
665;MASSIMILIANO;SALVONI;
666;STEFANO;ANASTASIA;
667;ALBERTO;ASOR ROSA;
668;ANDREA;BARANES;
669;LUCA TANCREDI;BARONE;
670;MARCO;BASCETTA;
671;GIULIANO;BATTISTON;
672;MARCO;BERSANI;
673;PIERO;BEVILACQUA;
674;MAURO;BIANI;
675;STEFANO;BOCCONETTI;
676;KATIA;BONCHI;
677;ALDO;BONOMI;
678;ALBERTO;BURGIO;
679;GIUSEPPE;CALICETI;
680;SEBASTIANO;CANETTA;
681;GIANFRANCO;CAPITTA;
682;LUCIANA;CASTELLINA;
683;MAURO;CATERINA;
684;IVAN;CAVICCHI;
685;LEONARDO;CLAUSI;
686;ANDREA;COLOMBO;
687;GERALDINA;COLOTTI;
688;VINCENZO;COMITO;
689;FRANCO;CORLEONE;
690;LELE;CORVI;
691;FLAVIANO;DE LUCA;
692;MASSIMO;DE FEO;
693;DIMITRI;DELIOLANES;
694;ARTURO;DI CORINTO;
695;GIUSEPPE;DI LELLO;
696;MARIO;DI VITO;
697;MARCO;DOTTI;
698;MARTA;FANA;
699;PAOLO;FAVILLI;
700;EMANUELE;GIORDANA;
701;MARCO;GIUSTI;
702;PATRIZIO;GONNELLA;
703;GIUSEPPE;GROSSO;
704;JAKUB;HORNACEK;
705;IVAN;HURRICANE;
706;ALBERTO;LEISS;
707;ROBERTO;LIVI;
708;DARIA;LUCCA;
709;LUIGI;MANCONI;
710;DANILO;MARAMOTTI;
711;GIULIO;MARCON;
712;SUSANNA;MARIETTI;
713;ANGELA;MAYR;
714;ANNA MARIA;MERLO;
715;SANDRO;MEDICI;
716;SILVIO;MESSINETTI;
717;MATTEO;MIAVALDI;
718;ERNESTO;MILANESI;
719;GUIDO;MOLTEDO;
720;GIONA A.;NAZZARO;
721;ALBERTO;NEGRI;
722;PAVLOS;NERANTZIS;
723;CORRADO;ODDI;
724;ALBERTO;OLIVETTI;
725;MAURO;PALMA;
726;ARGIRIS;PANAGOPULOS;
727;TONINO;PERNA;
728;MARIO;PIANTA;
729;ALBERTO;PICCININI;
730;SIMONE;PIERANNI;
731;ROBERTO;PIETROBON;
732;RITA;PLANTERA;
733;ALESSANDRO;PORTELLI;
734;GUGLIELMO;RAGOZZINO;
735;MAURO;RAVARINO;
736;VALERIO;RENZI;
737;MARCO;REVELLI;
738;ROBERTO;ROMANO;
739;JACOPO;ROSATELLI;
740;ANNAMARIA;RIVERA;
741;FABIANA;SARGENTINI;
742;GIULIANA;SGRENA;
743;ZVI;SCHULDINER;
744;GIUSEPPE;SEDIA;
745;TEODORO ANDREADIS;SYNGHELLAKIS;
746;MATTEO;TACCONI;
747;SARANTIS;THANOPULOS;
748;FABRIZIO;TONELLO;
749;EMANUELE;TREVI;
750;ANTONIO;TRICARICO;
751;VINCENZO;VITA;
752;EDOARDO;ZANCHINI;
753;MASSIMO;FRANCHI;
754;CARLO;LANIA;
755;TOMMASO;DI FRANCESCO;
756;ELEONORA;MARTINI;
757;MICHELE;GIORGIO;
758;CRISTINA;PICCINO;
759;GIANSANDRO;MERLI;
760;ADRIANA;POLLICE;
761;NORMA;RANGERI;
762;GIULIANO;SANTORO;
763;;;
764;SIMONE;ALLIVA;
765;CARLO;COTTARELLI;
766;FRANCESCO;BARRA;
767;CLAUDIA;SORLINI;
768;VIRMAN;CUSENZA;
769;FABRIZIO;BARCA;
770;ENRICO ;GIOVANNINI;
771;RAY;BANHOFF;
772;NICOLAS;BALLARIO;
773;OLIVIERO;TOSCANI;
774;SERGIO;RIZZO;
775;GIANFRANCO;TURANO;
776;GLORIA;RIVA;
777;MASSIMO;CACCIARI;
778;MASSIMILIANO;PANANARI;
779;ALBERTO;BRUSCHINI;
780;NICOLA;GRAZIANO;
781;PAOLO;SIANI;
782;FABIO;FERZETTI;
783;GINO;CASTALDO;
784;;;
785;PAOLO;MASTROLILLI;
786;FABIO;MARTINI;
787;FLAVIA;AMABILE;
788;LUCIA;ANNUNZIATA;
789;MARCO;ANSALDO;
790;RICCARDO;BARENGHI;
791;ROBERTO;BECCANTINI;
792;ENZO;BETTIZA;
793;PIERO;BIANUCCI;
794;ALBERTO;BISIN;
795;FRANCO;BRUNI;
796;MIMMO;CÀNDITO;
797;ALESSANDRA;COMAZZI;
798;GUIDO;CERONETTI;
799;MARIA;CORBI;
800;MAURIZIO;CUCCHI;
801;MARIO;DEAGLIO;
802;FABRIZIO;FERRARI;
803;MATTIA;FELTRI;
804;PAOLO;GALLARATI;
805;FRANCO;GARELLI;
806;FEDERICO;GEREMICCA;
807;MASSIMO;GRAMELLINI;
808;CARLO;FEDERICO GROSSO;
809;JACOPO;IACOBONI;
810;FRANCESCO;LA LICATA;
811;LUIGI;LA SPINA;
812;STEFANO;LEPRI;
813;BERNARD-HENRI;LÉVY;
814;CESARE;MARTINETTI;
815;ANNA;MASERA;
816;MARIA TERESA ;MELI;
817;MAURIZIO;MOLINARI;
818;ALBERTO;MATTIOLI;
819;GIANLUCA;NICOLETTI;
820;EMANUELE;NOVAZIO;
821;FRANCESCA;PACI;
822;VITTORIO EMANUELE;PARSI;
823;WALTER;PASSERINI;
824;FLAVIA;PERINA;
825;GIORGIO;PESTELLI;
826;DOMENICO;QUIRICO;
827;ANTONELLA;RAMPINO;
828;CARLA;RESCHIA;
829;LUCA;RICOLFI;
830;GIAN ENRICO;RUSCONI;
831;LINDA LAURA;SABBADINI;
832;CLAUDIO;SABELLI FIORETTI;
833;FABIO;SCUTO;
834;MARCELLO;SORGI;
835;LORENZO;SORIA;
836;GIORDANO;STABILE;
837;FEDERICO;VARESE;
838;;;
839;X;;
840;;;
841;Y;;
842;;;
843;Z;;
844;;;
845;NICOLA;PINNA;
846;SIMONA;ANTONUCCI;
847;NIKI;BARBATI;
848;SALVATORE;D'AMELIO;
849;RUGGERO;GUARINI;
850;FABIO;ISMAN;
851;FABRIZIO;MENGHINI;
852;GIOVANNI;MERLONI;
853;JACOPO;ORSINI;
854;MARIDA;LOMBARDO PIJOLA;
855;EZIO;PASERO;
856;ROSSO;DI SAN SECONDO;
857;PIERO;SANTONASTASO;
858;GLORIA;SATTA;
859;FEDERICO;TOZZI;
860;ALDO;VALORI;
861;ORIO;VERGANI;
862;MARCO;MOLENDINI;
863;PAOLO;ZACCAGNINI;
864;FABRIZIO;ZAMPA;
865;;;
866;MARIA;RITA PARSI;
867;FRANCO;CARDINI;
868;ALESSANDRA;BORGHESE;
869;BRUNO;VESPA;
870;MASSIMO;FINI;
871;;;
872;ANDREA;TEMPESTINI;
873;IGNAZIO;STAGNO;
874;CLAUDIO;BRIGLIADORI;
875;ELIANA;GIUSTO;
876;CATERINA;SPINELLI;
877;GABRIELE;GALLUCCIO;
878;MARIA PIA;PETRAROLI;
879;;;
880;LIRIO;ABBATE;
881;MICHELE;AINIS;
882;NATALIA;ASPESI;
883;EMANUELA;AUDISIO;
884;CORRADO;AUGIAS;
885;ANDREA;BONANNI;
886;MARCO;BELPOLITI;
887;ANNA;BANDETTINI;
888;FRANCESCO;BEI;
889;MARCO;BENTIVOGLI;
890;MAURO;BIANI;
891;ALBERTO;BISIN;
892;TITO;BOERI;
893;CARLO;BONINI;
894;VINCENZO;BORGOMEO;
895;GIAMPAOLO;CADALANU;
896;FEDERICO;CAPITONI;
897;STEFANO;CAPPELLINI;
898;FILIPPO;CECCARELLI;
899;PIERO;COLAPRICO;
900;FURIO;COLOMBO;
901;PAOLO;CONDÒ;
902;CARLO;COTTARELLI;
903;GUIDO;CRAINZ;
904;MAURIZIO;CROSETTI;
905;ALBERTO;D'ARGENIO;
906;MARTA;DASSÙ;
907;ZITA;DAZZI;
908;CONCITA;DE GREGORIO;
909;CLAUDIA;DE LILLO;
910;ALESSANDRO;DE NICOLA;
911;ILVO;DIAMANTI;
912;ANTONIO;DIPOLLINA;
913;ROBERTO;ESPOSITO;
914;STEFANO;FOLLI;
915;ENRICO;FRANCESCHINI;
916;UMBERTO;GALIMBERTI;
917;PAOLO;GARIMBERTI;
918;MASSIMO;GIANNINI;
919;MIGUEL;GOTOR;
920;RENZO;GUOLO;
921;BERNARD-HENRI;LÉVY;
922;ORAZIO;LA ROCCA;
923;ALESSANDRA;LONGO;
924;RICCARDO;LUNA;
925;LUIGI;MANCONI;
926;STEFANO;MANCUSO;
927;STEFANO;MASSINI;
928;DANIELE;MASTROGIACOMO;
929;EZIO;MAURO;
930;SANTOLO;MEO;
931;FRANCESCO;MERLO;
932;SEBASTIANO;MESSINA;
933;MARINO;NIOLA;
934;ROBERTO;PEROTTI;
935;CARLO;PETRINI;
936;FRANCESCO;PICCOLO;
937;MARIO;PLATERO;
938;MASSIMO;RECALCATI;
939;DANIELE;RAINERI;
940;MAURIZIO;RICCI;
941;MASSIMO;RIVA;
942;GABRIELE;ROMAGNOLI;
943;ANDREA;ROMANO;
944;PAOLO;RUMIZ;
945;LINDA LAURA;SABBADINI;
946;ISAIA;SALES;
947;CHIARA;SARACENO;
948;MICHELE;SERRA;
949;DOMENICO;SINISCALCO;
950;CHIARA;VALERIO;
951;FEDERICO;VARESE;
952;;;
953;GEMINELLO;ALVI;
954;PAOLO;ARMAROLI;
955;GIANNI;BAGET BOZZO;
956;LUCIANA;BALDRIGHI;
957;MATTEO;BASILE;
958;MASSIMO;BERTARELLI;
959;FAUSTO;BILOSLAVO;
960;FRANCESCO;BOEZI;
961;ANTONIO;BORRELLI;
962;MICHELE;BRAMBILLA;
963;CLAUDIO;BORGHI AQUILINI;
964;PIETRANGELO;BUTTAFUOCO;
965;MAURIZIO;CABONA;
966;MATTEO;CARNIELETTO;
967;MARIO;CERVI;
968;GIAN MARCO;CHIOCCI;
969;CHIARA;CLAUSI;
970;ANDREA;CORTELLARI;
971;ANDREA;CUOMO;
972;TONY;DAMASCELLI;
973;FRANCESCO;DAMATO;
974;GIUSEPPE;DE BELLIS;
975;PAOLO;DEL DEBBIO;
976;FRANCESCO MARIA;DEL VIGO;
977;LUCA;DONINELLI;
978;LUIGI;MASCHERONI;
979;FILIPPO;FACCI;
980;ADALBERTO;FALLETTA;
981;DOMENICO;FERRARA;
982;ROBERTO;FESTORAZZI;
983;MARCELLO;FOA;
984;CARLO;FRANZA;
985;CLARISSA;GIGANTE;
986;MARIO;GIORDANO;
987;ALESSANDRO;GNOCCHI;
988;GIORDANO BRUNO;GUERRI;
989;LUCIANO;GULLI;
990;PAOLO;GUZZANTI;
991;MARCO;IACONA;
992;ANDREA;INDINI;
993;MASSIMO;INTROVIGNE;
994;XAVIER;JACOBELLI;
995;LUCIO;LAMI;
996;GIANCARLO;LEHNER;
997;THOMAS;LEONCINI;
998;MARCO;LOMBARDO;
999;STEFANO;LORENZETTO;
1000;CARLO;LOTTIERI;
1001;VITTORIO;MACIOCE;
1002;IDA;MAGLI;
1003;MARIA GIOVANNA;MAGLIE;
1004;FABIO;MARCHESE RAGONA;
1005;NICOLA;MATTEUCCI;
1006;GIAN;MICALESSIN;
1007;MORGAN;;
1008;GIORGIO;MULÉ;
1009;AMEDEO;NIGRA;
1010;FIAMMA;NIRENSTEIN;
1011;FRANCO;ORDINE;
1012;PIERO;OSTELLINO;
1013;MASSIMILIANO;PARENTE;
1014;ROBERTA;PASERO;
1015;CARLO;PELANDA;
1016;RICCARDO;PELLICCETTI;
1017;GIANCARLO;PERNA;
1018;PAOLO CIRINO;POMICINO;
1019;CLAUDIO;POMPEI;
1020;NICOLA;PORRO;
1021;ANDREA;PUCCI;
1022;GAETANO;QUAGLIARIELLO;
1023;SANDRO;RINALDINI;
1024;EUGENIA;ROCCELLA;
1025;CINZIA;ROMANI;
1026;DIEGO;RUBERO;
1027;ORLANDO;SACCHELLI;
1028;MATTEO;SACCHI;
1029;ALESSANDRO;SALLUSTI;
1030;ROBERTO;SCAFURI;
1031;SALVATORE;SCARPINO;
1032;ADALBERTO;SIGNORE;
1033;RICCARDO;SIGNORI;
1034;VITTORIO;SGARBI;
1035;STENIO;SOLINAS;
1036;LUCA;TELESE;
1037;MASSIMO;TEODORI;
1038;GIORGIO;TORELLI;
1039;SALVATORE;TRAMONTANO;
1040;MARCELLO;VENEZIANI;
1041;GABRIELE;VILLA;
1042;GIORGIO;VITTADINI;
1043;STEFANO;ZECCHI;
1044;STEFANO;VLADOVICH;
1045;STEFANO;ZURLO;
1046;MARCELLO;ZACCHÉ;
1047;EMANUELE;FRAGASSO;
1048;ROBERTO;CHIFARI;
1049;WILLIAM;ZANELLATO;
1050;FEDERICO;BINI;
1051;LUCA;SABLONE;
1052;;;
1053;GIANNI;BARBACETTO;
1054;FURIO;COLOMBO;
1055;PINO;CORRIAS;
1056;NANDO;DALLA CHIESA;
1057;MASSIMO;FINI;
1058;PETER;GOMEZ;
1059;MARCO;LILLO;
1060;GAD;LERNER;
1061;DANIELE;LUTTAZZI;
1062;TOMASO;MONTANARI;
1063;PIERCAMILLO;DAVIGO;
1064;DANIELA;RANIERI;
1065;BARBARA;SPINELLI;
1066;EUGENIO;BERNARDINI;
1067;ALESSANDRO;BARBERO;
1068;GUIDO;BIONDI;
1069;ETTORE;BOFFANO;
1070;PIETRANGELO;BUTTAFUOCO;
1071;GIAMPIERO;CALAPÀ;
1072;BENNY;CALASANZIO;
1073;SALVATORE;CANNAVÒ;
1074;COSIMO;CARIDDI;
1075;CLAUDIA;COLASANTI;
1076;LUCA;DE CAROLIS;
1077;NANNI;DELBECCHI;
1078;ERMINIA;DELLA FRATTINA;
1079;GIORGIO;DELL'ARTI;
1080;EDUARDO;DI BLASI;
1081;SILVIA;D'ONGHIA;
1082;STEFANO;FELTRI;
1083;ALESSANDRO;FERRUCCI;
1084;ENRICO;FIERRO;
1085;PAOLO;FLORES D'ARCAIS;
1086;LUIGI;GALELLA;
1087;MARIA RITA;GISMONDO;
1088;GIAMPIERO;GRAMAGLIA;
1089;PAOLO;ISOTTA;
1090;VINCENZO;IURILLO;
1091;EMILIANO;LIUZZI;
1092;GIUSEPPE;LO BIANCO;
1093;SELVAGGIA;LUCARELLI;
1094;WANDA;MARRA;
1095;ANTONELLA;MASCALI;
1096;ANTONIO;MASSARI;
1097;LORIS;MAZZETTI;
1098;GIORGIO;MELETTI;
1099;LUCA;MERCALLI;
1100;FABIO;MINI;
1101;DOMENICO;MOGAVERO;
1102;ANGELO;MOLICA FRANCO;
1103;SIMONE;NIGRISOLI;
1104;PIERGIORGIO;ODIFREDDI;
1105;PAOLO;OJETTI;
1106;MALCOM;PAGANI;
1107;MARCO;PALOMBI;
1108;PIERFRANCO;PELLIZZETTI;
1109;GIUSEPPE;PIPITONE;
1110;FEDERICO;PONTIGGIA;
1111;MARIO;PORTANOVA;
1112;ELISABETTA;REGUITTI;
1113;MASSIMO;REINA;
1114;PASQUALE;RINALDIS;
1115;CLAUDIO;SABELLI FIORETTI;
1116;FERRUCCIO;SANSA;
1117;ANDREA;SCANZI;
1118;VAURO;SENESI;
1119;CATERINA;SOFFICI;
1120;ANTONIO ;SPADARO;
1121;CARLO;TECCE;
1122;BRUNO;TINTI;
1123;SILVIA;TRUZZI;
1124;LUCA;SOMMI;
1125;GIOVANNI;VALENTINI;
1126;DAVIDE;VECCHI;
1127;VALERIO;VENTURI;
1128;PAOLO;ZILLIANI;
1129;;;
1130;MAURIZIO;BELPIETRO;
1131;GIACOMO;AMADORI;
1132;FABIO;AMENDOLARA;
1133;SIMONE;DI MEO;
1134;MARIANNA;BAROLI;
1135;FRANCESCO;BONAZZI;
1136;ANTONIO ;AMOROSI;
1137;GIORGIO;GANDOLA;
1138;FAUSTO;BILOSLAVO;
1139;MIKOL;BELLUZZI;
1140;FRANCESCO;BORGONOVO;
1141;FRANCESCO;CANINO;
1142;MARIANNA;BAROLI;
1143;GUIDO;CASTELLANO;
1144;LORENZO;DEL BOCA;
1145;GUIDO;FONTANELLI;
1146;OSCAR;DI MONTIGNY;
1147;TERRY;MAROCCO;
1148;ANTONELLA;MATARRESE;
1149;DANIELA;MATTALIA;
1150;GIANNI;POGLIO;
1151;CARLO;PUCA;
1152;ANTONIO ;ROSSITTO;
1153;ALESSANDRO;FANTECHI;
1154;DANIEL;MOSSERI;
1155;GIAN MARCO;LITRICO;
1156;VALERIA;ROBECCO;
1157;PAOLO;MANZO;
1158;MARTA;OTTAVIANI;
1159;CHIARA;CLAUSI;
1160;LUCA;SCIORTINO;
1161;GIORGIO;STURLESE TOSI;
1162;LUCA;TELESE;
1163;MARCO;MORELLO;
1164;VALENTINA;PEPE;
1165;ANTONELLA;MATARRESE;
1166;MADDALENA;BONACCORSO;
1167;MARIELLA ;BAROLI;
1168;GEMMA;GAETANI;